ProductID,ProductNumber,ProductName,CategoryName,SubcategoryName,Color,ListPrice,TotalRevenue,TotalRevenuePerCategory,TotalOrders,TotalOrderPerCategory,TotalQuantitySold,AverageSellingPrice,AverageRevenuePerOrder,NumberOfCustomersPurchasing,CustomerPerCategory
782,BK-M68B-38,"Mountain-200 Black, 38",Bikes,Mountain Bikes,Black,2294.99,4400592.800399983,94651172.70473431,1252,18368,2977,1478.2,3514.85,701,9719
783,BK-M68B-42,"Mountain-200 Black, 42",Bikes,Mountain Bikes,Black,2294.99,4009494.761840979,94651172.70473431,1177,18368,2664,1505.07,3406.54,738,9719
779,BK-M68S-38,"Mountain-200 Silver, 38",Bikes,Mountain Bikes,Silver,2319.99,3693678.0252719996,94651172.70473431,1094,18368,2394,1542.89,3376.31,702,9719
780,BK-M68S-42,"Mountain-200 Silver, 42",Bikes,Mountain Bikes,Silver,2319.99,3438478.8604230005,94651172.70473431,1040,18368,2234,1539.16,3306.23,665,9719
781,BK-M68S-46,"Mountain-200 Silver, 46",Bikes,Mountain Bikes,Silver,2319.99,3434256.941928001,94651172.70473431,1054,18368,2216,1549.75,3258.31,689,9719
784,BK-M68B-46,"Mountain-200 Black, 46",Bikes,Mountain Bikes,Black,2294.99,3309673.2169079985,94651172.70473431,1059,18368,2111,1567.82,3125.28,692,9719
793,BK-R89B-44,"Road-250 Black, 44",Bikes,Road Bikes,Black,2443.35,2516857.3149179984,94651172.70473431,705,18368,1642,1532.8,3570.01,359,9719
794,BK-R89B-48,"Road-250 Black, 48",Bikes,Road Bikes,Black,2443.35,2347655.953453997,94651172.70473431,712,18368,1498,1567.19,3297.27,378,9719
795,BK-R89B-52,"Road-250 Black, 52",Bikes,Road Bikes,Black,2443.35,2012447.7749999973,94651172.70473431,667,18368,1245,1616.42,3017.16,399,9719
753,BK-R93R-56,"Road-150 Red, 56",Bikes,Road Bikes,Red,3578.27,1847818.6280000056,94651172.70473431,475,18368,664,2782.86,3890.14,359,9719
976,BK-R79Y-48,"Road-350-W Yellow, 48",Bikes,Road Bikes,Yellow,1700.99,1774883.5570849988,94651172.70473431,566,18368,1622,1094.26,3135.84,329,9719
749,BK-R93R-62,"Road-150 Red, 62",Bikes,Road Bikes,Red,3578.27,1769096.6880000054,94651172.70473431,470,18368,600,2948.49,3764.04,395,9719
969,BK-T79U-60,"Touring-1000 Blue, 60",Bikes,Touring Bikes,Blue,2384.07,1721242.5143550008,94651172.70473431,439,18368,1120,1536.82,3920.83,243,9719
973,BK-R79Y-40,"Road-350-W Yellow, 40",Bikes,Road Bikes,Yellow,1700.99,1657198.1825489977,94651172.70473431,573,18368,1477,1122.0,2892.14,345,9719
792,BK-R89R-58,"Road-250 Red, 58",Bikes,Road Bikes,Red,2443.35,1587008.1824999982,94651172.70473431,526,18368,946,1677.6,3017.13,345,9719
966,BK-T79U-46,"Touring-1000 Blue, 46",Bikes,Touring Bikes,Blue,2384.07,1586953.573023001,94651172.70473431,442,18368,1002,1583.79,3590.39,271,9719
751,BK-R93R-48,"Road-150 Red, 48",Bikes,Road Bikes,Red,3578.27,1540803.0620000053,94651172.70473431,409,18368,493,3125.36,3767.24,369,9719
957,BK-T79Y-60,"Touring-1000 Yellow, 60",Bikes,Touring Bikes,Yellow,2384.07,1518133.1011470014,94651172.70473431,433,18368,1114,1362.78,3506.08,236,9719
796,BK-R89B-58,"Road-250 Black, 58",Bikes,Road Bikes,Black,2443.35,1506377.632499999,94651172.70473431,486,18368,910,1655.36,3099.54,309,9719
789,BK-R89R-44,"Road-250 Red, 44",Bikes,Road Bikes,Red,2443.35,1448122.4789849971,94651172.70473431,364,18368,895,1618.01,3978.36,215,9719
954,BK-T79Y-46,"Touring-1000 Yellow, 46",Bikes,Touring Bikes,Yellow,2384.07,1426372.8693240013,94651172.70473431,440,18368,1005,1419.28,3241.76,262,9719
752,BK-R93R-52,"Road-150 Red, 52",Bikes,Road Bikes,Red,3578.27,1415563.6120000046,94651172.70473431,378,18368,458,3090.75,3744.88,336,9719
777,BK-M82B-44,"Mountain-100 Black, 44",Bikes,Mountain Bikes,Black,3374.99,1365852.378017999,94651172.70473431,242,18368,678,2014.53,5644.02,127,9719
790,BK-R89R-48,"Road-250 Red, 48",Bikes,Road Bikes,Red,2443.35,1348759.4975399973,94651172.70473431,377,18368,812,1661.03,3577.61,230,9719
750,BK-R93R-44,"Road-150 Red, 44",Bikes,Road Bikes,Red,3578.27,1340419.9420000042,94651172.70473431,358,18368,437,3067.32,3744.19,314,9719
775,BK-M82B-38,"Mountain-100 Black, 38",Bikes,Mountain Bikes,Black,3374.99,1339997.2546259998,94651172.70473431,234,18368,682,1964.81,5726.48,118,9719
771,BK-M82S-38,"Mountain-100 Silver, 38",Bikes,Mountain Bikes,Silver,3399.99,1291868.7003749993,94651172.70473431,241,18368,642,2012.26,5360.45,128,9719
776,BK-M82B-42,"Mountain-100 Black, 42",Bikes,Mountain Bikes,Black,3374.99,1254722.7322919993,94651172.70473431,228,18368,634,1979.06,5503.17,115,9719
778,BK-M82B-48,"Mountain-100 Black, 48",Bikes,Mountain Bikes,Black,3374.99,1234276.030375,94651172.70473431,243,18368,616,2003.69,5079.33,126,9719
801,BK-R64Y-48,"Road-550-W Yellow, 48",Bikes,Road Bikes,Yellow,1120.49,1233938.8776599977,94651172.70473431,723,18368,1763,699.91,1706.69,362,9719
797,BK-R64Y-38,"Road-550-W Yellow, 38",Bikes,Road Bikes,Yellow,1120.49,1227910.080859998,94651172.70473431,725,18368,1744,704.08,1693.67,370,9719
773,BK-M82S-44,"Mountain-100 Silver, 44",Bikes,Mountain Bikes,Silver,3399.99,1217210.3599589996,94651172.70473431,233,18368,601,2025.31,5224.08,116,9719
772,BK-M82S-42,"Mountain-100 Silver, 42",Bikes,Mountain Bikes,Silver,3399.99,1186494.8502989993,94651172.70473431,221,18368,593,2000.83,5368.75,110,9719
974,BK-R79Y-42,"Road-350-W Yellow, 42",Bikes,Road Bikes,Yellow,1700.99,1120066.3643089987,94651172.70473431,455,18368,944,1186.51,2461.68,306,9719
967,BK-T79U-50,"Touring-1000 Blue, 50",Bikes,Touring Bikes,Blue,2384.07,1071401.058000001,94651172.70473431,336,18368,649,1650.85,3188.69,213,9719
798,BK-R64Y-40,"Road-550-W Yellow, 40",Bikes,Road Bikes,Yellow,1120.49,1071291.7811919977,94651172.70473431,687,18368,1500,714.19,1559.38,349,9719
791,BK-R89R-52,"Road-250 Red, 52",Bikes,Road Bikes,Red,2443.35,1066766.6099999982,94651172.70473431,314,18368,639,1669.43,3397.35,198,9719
770,BK-R50B-52,"Road-650 Black, 52",Bikes,Road Bikes,Black,782.99,1042909.778029999,94651172.70473431,703,18368,2270,459.43,1483.51,242,9719
774,BK-M82S-48,"Mountain-100 Silver, 48",Bikes,Mountain Bikes,Silver,3399.99,1019657.0009999997,94651172.70473431,204,18368,505,2019.12,4998.32,101,9719
760,BK-R50R-60,"Road-650 Red, 60",Bikes,Road Bikes,Red,782.99,1016529.0184139999,94651172.70473431,680,18368,2232,455.43,1494.9,207,9719
955,BK-T79Y-50,"Touring-1000 Yellow, 50",Bikes,Touring Bikes,Yellow,2384.07,981187.8492000012,94651172.70473431,342,18368,652,1504.89,2868.97,214,9719
762,BK-R50R-44,"Road-650 Red, 44",Bikes,Road Bikes,Red,782.99,943340.5597879991,94651172.70473431,689,18368,2254,418.52,1369.14,229,9719
799,BK-R64Y-42,"Road-550-W Yellow, 42",Bikes,Road Bikes,Yellow,1120.49,932039.5889999975,94651172.70473431,648,18368,1249,746.23,1438.33,384,9719
748,FR-M94S-38,"HL Mountain Frame - Silver, 38",Components,Mountain Frames,Silver,1364.5,930780.6807000003,11802593.286430119,491,2650,1206,771.79,1895.68,111,580
743,FR-M94B-42,"HL Mountain Frame - Black, 42",Components,Mountain Frames,Black,1349.6,901590.2335999998,11802593.286430119,481,2650,1181,763.41,1874.41,111,580
761,BK-R50R-62,"Road-650 Red, 62",Bikes,Road Bikes,Red,782.99,879827.9382429984,94651172.70473431,638,18368,1896,464.04,1379.04,222,9719
763,BK-R50R-48,"Road-650 Red, 48",Bikes,Road Bikes,Red,782.99,878666.663659998,94651172.70473431,649,18368,1888,465.4,1353.88,237,9719
765,BK-R50B-58,"Road-650 Black, 58",Bikes,Road Bikes,Black,782.99,869632.782450999,94651172.70473431,642,18368,1871,464.8,1354.57,223,9719
972,BK-T44U-54,"Touring-2000 Blue, 54",Bikes,Touring Bikes,Blue,1214.85,772302.0123000011,94651172.70473431,380,18368,1010,764.66,2032.37,185,9719
968,BK-T79U-54,"Touring-1000 Blue, 54",Bikes,Touring Bikes,Blue,2384.07,743353.0260000012,94651172.70473431,277,18368,413,1799.89,2683.58,210,9719
800,BK-R64Y-44,"Road-550-W Yellow, 44",Bikes,Road Bikes,Yellow,1120.49,717825.9114999988,94651172.70473431,495,18368,927,774.35,1450.15,324,9719
975,BK-R79Y-44,"Road-350-W Yellow, 44",Bikes,Road Bikes,Yellow,1700.99,694003.9199999986,94651172.70473431,332,18368,536,1294.78,2090.37,260,9719
956,BK-T79Y-54,"Touring-1000 Yellow, 54",Bikes,Touring Bikes,Yellow,2384.07,667158.1488000011,94651172.70473431,271,18368,397,1680.5,2461.84,204,9719
953,BK-T44U-60,"Touring-2000 Blue, 60",Bikes,Touring Bikes,Blue,1214.85,635723.7159000007,94651172.70473431,346,18368,820,775.27,1837.35,171,9719
758,BK-R68R-52,"Road-450 Red, 52",Bikes,Road Bikes,Red,1457.99,621103.7400000007,94651172.70473431,267,18368,710,874.79,2326.23,95,9719
998,BK-R19B-48,"Road-750 Black, 48",Bikes,Road Bikes,Black,539.99,578174.3128699986,94651172.70473431,685,18368,1556,371.58,844.05,461,9719
764,BK-R50R-52,"Road-650 Red, 52",Bikes,Road Bikes,Red,782.99,523630.1457999998,94651172.70473431,440,18368,1112,470.89,1190.07,158,9719
766,BK-R50B-60,"Road-650 Black, 60",Bikes,Road Bikes,Black,782.99,521898.2613759997,94651172.70473431,460,18368,1100,474.45,1134.56,171,9719
999,BK-R19B-52,"Road-750 Black, 52",Bikes,Road Bikes,Black,539.99,515666.9064359984,94651172.70473431,696,18368,1338,385.4,740.9,487,9719
768,BK-R50B-44,"Road-650 Black, 44",Bikes,Road Bikes,Black,782.99,509245.00899199984,94651172.70473431,441,18368,1080,471.52,1154.75,160,9719
754,BK-R68R-58,"Road-450 Red, 58",Bikes,Road Bikes,Red,1457.99,507978.2959000005,94651172.70473431,226,18368,582,872.81,2247.69,80,9719
747,FR-M94B-38,"HL Mountain Frame - Black, 38",Components,Mountain Frames,Black,1349.6,501788.1976999997,11802593.286430119,289,2650,659,761.44,1736.29,61,580
786,BK-M47B-40,"Mountain-300 Black, 40",Bikes,Mountain Bikes,Black,1079.99,501648.8750600002,94651172.70473431,223,18368,776,646.45,2249.55,69,9719
742,FR-M94S-46,"HL Mountain Frame - Silver, 46",Components,Mountain Frames,Silver,1364.5,499556.5723999998,11802593.286430119,288,2650,649,769.73,1734.57,66,580
835,FR-R72Y-44,"ML Road Frame-W - Yellow, 44",Components,Road Frames,Yellow,594.83,485700.5469490003,11802593.286430119,489,2650,1435,338.47,993.25,139,580
787,BK-M47B-44,"Mountain-300 Black, 44",Bikes,Mountain Bikes,Black,1079.99,484051.51800000016,94651172.70473431,228,18368,747,647.99,2123.03,74,9719
788,BK-M47B-48,"Mountain-300 Black, 48",Bikes,Mountain Bikes,Black,1079.99,479071.9001080002,94651172.70473431,223,18368,740,647.39,2148.3,71,9719
785,BK-M47B-38,"Mountain-300 Black, 38",Bikes,Mountain Bikes,Black,1079.99,442477.08695200016,94651172.70473431,220,18368,684,646.9,2011.26,72,9719
970,BK-T44U-46,"Touring-2000 Blue, 46",Bikes,Touring Bikes,Blue,1214.85,438867.47814000066,94651172.70473431,283,18368,538,815.74,1550.77,161,9719
718,FR-R92R-44,"HL Road Frame - Red, 44",Components,Road Frames,Red,1431.5,395182.6992999998,11802593.286430119,219,2650,486,813.13,1804.49,95,580
717,FR-R92R-62,"HL Road Frame - Red, 62",Components,Road Frames,Red,1431.5,394255.5723999998,11802593.286430119,218,2650,485,812.9,1808.51,103,580
838,FR-R92B-44,"HL Road Frame - Black, 44",Components,Road Frames,Black,1431.5,375026.9771999999,11802593.286430119,201,2650,459,817.05,1865.81,92,580
977,BK-R19B-58,"Road-750 Black, 58",Bikes,Road Bikes,Black,539.99,361145.3119999992,94651172.70473431,537,18368,892,404.87,672.52,397,9719
961,BK-T18Y-44,"Touring-3000 Yellow, 44",Bikes,Touring Bikes,Yellow,742.35,358121.88877499994,94651172.70473431,318,18368,851,420.82,1126.17,150,9719
965,BK-T18Y-62,"Touring-3000 Yellow, 62",Bikes,Touring Bikes,Yellow,742.35,351547.71141,94651172.70473431,319,18368,844,416.53,1102.03,141,9719
979,BK-T18U-50,"Touring-3000 Blue, 50",Bikes,Touring Bikes,Blue,742.35,348581.503515,94651172.70473431,306,18368,841,414.48,1139.16,141,9719
892,FR-T98U-54,"HL Touring Frame - Blue, 54",Components,Touring Frames,Blue,1003.91,324333.10330899997,11802593.286430119,169,2650,542,598.4,1919.13,79,580
981,BK-M38S-40,"Mountain-400-W Silver, 40",Bikes,Mountain Bikes,Silver,769.49,323703.8206680004,94651172.70473431,301,18368,617,524.64,1075.43,201,9719
889,FR-T98Y-54,"HL Touring Frame - Yellow, 54",Components,Touring Frames,Yellow,1003.91,323268.255972,11802593.286430119,161,2650,540,598.64,2007.88,73,580
767,BK-R50B-62,"Road-650 Black, 62",Bikes,Road Bikes,Black,782.99,312250.8138999998,94651172.70473431,293,18368,644,484.86,1065.7,143,9719
769,BK-R50B-48,"Road-650 Black, 48",Bikes,Road Bikes,Black,782.99,310946.5761999997,94651172.70473431,293,18368,644,482.84,1061.25,138,9719
755,BK-R68R-60,"Road-450 Red, 60",Bikes,Road Bikes,Red,1457.99,306177.90000000014,94651172.70473431,164,18368,350,874.79,1866.94,61,9719
759,BK-R50R-58,"Road-650 Red, 58",Bikes,Road Bikes,Red,782.99,304012.6410999999,94651172.70473431,282,18368,618,491.93,1078.06,142,9719
822,FR-R72Y-38,"ML Road Frame-W - Yellow, 38",Components,Road Frames,Yellow,594.83,303330.8412000003,11802593.286430119,356,2650,895,338.92,852.05,103,580
756,BK-R68R-44,"Road-450 Red, 44",Bikes,Road Bikes,Red,1457.99,302678.7240000001,94651172.70473431,171,18368,346,874.79,1770.05,61,9719
836,FR-R72Y-48,"ML Road Frame-W - Yellow, 48",Components,Road Frames,Yellow,594.83,301286.7891000003,11802593.286430119,350,2650,889,338.91,860.82,103,580
738,FR-R38B-52,"LL Road Frame - Black, 52",Components,Road Frames,Black,337.22,299595.522966,11802593.286430119,600,2650,1581,189.5,499.33,156,580
962,BK-T18Y-50,"Touring-3000 Yellow, 50",Bikes,Touring Bikes,Yellow,742.35,291747.26174999995,94651172.70473431,280,18368,686,425.29,1041.95,137,9719
997,BK-R19B-44,"Road-750 Black, 44",Bikes,Road Bikes,Black,539.99,290298.6239999993,94651172.70473431,466,18368,656,442.53,622.96,393,9719
958,BK-T18U-54,"Touring-3000 Blue, 54",Bikes,Touring Bikes,Blue,742.35,290075.11837499996,94651172.70473431,281,18368,686,422.85,1032.3,136,9719
971,BK-T44U-50,"Touring-2000 Blue, 50",Bikes,Touring Bikes,Blue,1214.85,286218.6600000003,94651172.70473431,198,18368,322,888.88,1445.55,135,9719
739,FR-M94S-42,"HL Mountain Frame - Silver, 42",Components,Mountain Frames,Silver,1364.5,269874.0096,11802593.286430119,167,2650,347,777.73,1616.01,82,580
980,BK-M38S-38,"Mountain-400-W Silver, 38",Bikes,Mountain Bikes,Silver,769.49,241773.7580000004,94651172.70473431,253,18368,425,568.88,955.63,183,9719
876,RA-H123,Hitch Rack - 4-Bike,Accessories,Bike Racks,,120.0,237096.15599999996,1272072.8839260074,796,19524,3166,74.89,297.86,480,15461
885,FR-T98Y-60,"HL Touring Frame - Yellow, 60",Components,Touring Frames,Yellow,1003.91,232378.26021199996,11802593.286430119,135,2650,387,600.46,1721.32,62,580
983,BK-M38S-46,"Mountain-400-W Silver, 46",Bikes,Mountain Bikes,Silver,769.49,227347.6672760003,94651172.70473431,239,18368,401,566.95,951.25,171,9719
893,FR-T98U-60,"HL Touring Frame - Blue, 60",Components,Touring Frames,Blue,1003.91,221720.95243399995,11802593.286430119,140,2650,371,597.63,1583.72,58,580
982,BK-M38S-42,"Mountain-400-W Silver, 42",Bikes,Mountain Bikes,Silver,769.49,217457.8740000003,94651172.70473431,231,18368,385,564.83,941.38,163,9719
959,BK-T18U-58,"Touring-3000 Blue, 58",Bikes,Touring Bikes,Blue,742.35,210946.17600000004,94651172.70473431,239,18368,482,437.65,882.62,126,9719
832,FR-M63B-48,"ML Mountain Frame - Black, 48",Components,Mountain Frames,Black,348.76,200284.49775999988,11802593.286430119,256,2650,959,208.85,782.36,98,580
715,LJ-0192-L,"Long-Sleeve Logo Jersey, L",Clothing,Jerseys,Multi,49.99,198754.9753600013,2120542.524800943,1635,9877,6592,30.15,121.56,718,7327
963,BK-T18Y-54,"Touring-3000 Yellow, 54",Bikes,Touring Bikes,Yellow,742.35,196809.97612499996,94651172.70473431,227,18368,453,434.46,867.0,115,9719
729,FR-R38R-60,"LL Road Frame - Red, 60",Components,Road Frames,Red,337.22,195933.4094,11802593.286430119,375,2650,996,196.72,522.49,129,580
904,FR-M63S-40,"ML Mountain Frame-W - Silver, 40",Components,Mountain Frames,Silver,364.09,195826.38904400007,11802593.286430119,253,2650,899,217.83,774.02,97,580
725,FR-R38R-44,"LL Road Frame - Red, 44",Components,Road Frames,Red,337.22,194692.59910400008,11802593.286430119,374,2650,991,196.46,520.57,127,580
722,FR-R38B-58,"LL Road Frame - Black, 58",Components,Road Frames,Black,337.22,177635.90399999998,11802593.286430119,392,2650,940,188.97,453.15,113,580
825,RW-M928,HL Mountain Rear Wheel,Components,Wheels,Black,327.215,166013.28355700005,11802593.286430119,258,2650,850,195.31,643.46,99,580
711,HL-U509-B,"Sport-100 Helmet, Blue",Accessories,Helmets,Blue,34.99,165406.617049001,1272072.8839260074,3090,19524,6743,24.53,53.53,2309,15461
988,BK-M18S-52,"Mountain-500 Silver, 52",Bikes,Mountain Bikes,Silver,564.99,161293.34519999998,94651172.70473431,236,18368,515,313.19,683.45,113,9719
708,HL-U509,"Sport-100 Helmet, Black",Accessories,Helmets,Black,34.99,160869.51783600004,1272072.8839260074,3007,19524,6532,24.63,53.5,2275,15461
707,HL-U509-R,"Sport-100 Helmet, Red",Accessories,Helmets,Red,34.99,157772.39439199987,1272072.8839260074,3083,19524,6266,25.18,51.17,2381,15461
992,BK-M18B-48,"Mountain-500 Black, 48",Bikes,Mountain Bikes,Black,539.99,157569.08199999997,94651172.70473431,232,18368,449,350.93,679.18,126,9719
864,VE-C304-S,"Classic Vest, S",Clothing,Vests,Blue,63.5,156398.06795000023,2120542.524800943,682,9877,4247,36.83,229.32,324,7327
951,CS-9183,HL Crankset,Components,Cranksets,Black,404.99,148622.58221599995,11802593.286430119,219,2650,613,242.45,678.64,78,580
984,BK-M18S-40,"Mountain-500 Silver, 40",Bikes,Mountain Bikes,Silver,564.99,145089.43199999997,94651172.70473431,221,18368,450,322.42,656.51,118,9719
987,BK-M18S-48,"Mountain-500 Silver, 48",Bikes,Mountain Bikes,Silver,564.99,142897.2708,94651172.70473431,228,18368,457,312.69,626.74,119,9719
741,FR-M94S-52,"HL Mountain Frame - Silver, 48",Components,Mountain Frames,Silver,1364.5,141635.09999999986,11802593.286430119,94,2650,173,818.7,1506.76,40,580
985,BK-M18S-42,"Mountain-500 Silver, 42",Bikes,Mountain Bikes,Silver,564.99,141360.498,94651172.70473431,221,18368,455,310.68,639.64,114,9719
730,FR-R38R-62,"LL Road Frame - Red, 62",Components,Road Frames,Red,337.22,137213.48512799997,11802593.286430119,288,2650,697,196.86,476.44,108,580
867,SH-W890-S,"Women's Mountain Shorts, S",Clothing,Shorts,Black,69.99,137164.12732500018,2120542.524800943,648,9877,3296,41.62,211.67,415,7327
905,FR-M63S-42,"ML Mountain Frame-W - Silver, 42",Components,Mountain Frames,Silver,364.09,136970.65800000005,11802593.286430119,230,2650,627,218.45,595.52,75,580
869,SH-W890-L,"Women's Mountain Shorts, L",Clothing,Shorts,Black,69.99,136774.01706300038,2120542.524800943,707,9877,3244,42.16,193.46,473,7327
757,BK-R68R-48,"Road-450 Red, 48",Bikes,Road Bikes,Red,1457.99,136467.86400000003,94651172.70473431,77,18368,156,874.79,1772.31,33,9719
990,BK-M18B-42,"Mountain-500 Black, 42",Bikes,Mountain Bikes,Black,539.99,136293.47600000005,94651172.70473431,195,18368,388,351.27,698.94,111,9719
960,BK-T18U-62,"Touring-3000 Blue, 62",Bikes,Touring Bikes,Blue,742.35,135284.00812499988,94651172.70473431,157,18368,281,481.44,861.68,96,9719
978,BK-T18U-44,"Touring-3000 Blue, 44",Bikes,Touring Bikes,Blue,742.35,133365.0333749999,94651172.70473431,157,18368,292,456.73,849.46,96,9719
726,FR-R38R-48,"LL Road Frame - Red, 48",Components,Road Frames,Red,337.22,132125.2522000001,11802593.286430119,288,2650,671,196.91,458.77,105,580
964,BK-T18Y-58,"Touring-3000 Yellow, 58",Bikes,Touring Bikes,Yellow,742.35,130898.57549999995,94651172.70473431,159,18368,293,446.75,823.26,94,9719
831,FR-M63B-44,"ML Mountain Frame - Black, 44",Components,Mountain Frames,Black,348.76,129529.46400000002,11802593.286430119,198,2650,619,209.26,654.19,67,580
884,SJ-0194-X,"Short-Sleeve Classic Jersey, XL",Clothing,Jerseys,Yellow,53.99,129145.57012400046,2120542.524800943,904,9877,3864,33.42,142.86,566,7327
991,BK-M18B-44,"Mountain-500 Black, 44",Bikes,Mountain Bikes,Black,539.99,125925.66800000006,94651172.70473431,193,18368,350,359.79,652.46,121,9719
986,BK-M18S-44,"Mountain-500 Silver, 44",Bikes,Mountain Bikes,Silver,564.99,122512.43159999998,94651172.70473431,195,18368,381,321.55,628.27,109,9719
824,RW-M762,ML Mountain Rear Wheel,Components,Wheels,Black,236.025,119892.15675,11802593.286430119,265,2650,851,140.88,452.42,101,580
714,LJ-0192-M,"Long-Sleeve Logo Jersey, M",Clothing,Jerseys,Multi,49.99,115249.21497600016,2120542.524800943,1218,9877,3636,31.7,94.62,644,7327
820,FW-R820,HL Road Front Wheel,Components,Wheels,Black,330.06,112286.41200000001,11802593.286430119,206,2650,567,198.04,545.08,101,580
814,FR-M63B-38,"ML Mountain Frame - Black, 38",Components,Mountain Frames,Black,348.76,107557.58400000002,11802593.286430119,226,2650,514,209.26,475.92,81,580
745,FR-M94B-48,"HL Mountain Frame - Black, 48",Components,Mountain Frames,Black,1349.6,106078.55999999991,11802593.286430119,76,2650,131,809.76,1395.77,28,580
880,HY-1023-70,Hydration Pack - 70 oz.,Accessories,Hydration Packs,Silver,54.99,105826.41833400013,1272072.8839260074,1074,19524,2761,38.33,98.53,861,15461
989,BK-M18B-40,"Mountain-500 Black, 40",Bikes,Mountain Bikes,Black,539.99,101734.11600000007,94651172.70473431,150,18368,282,360.76,678.23,81,9719
917,FR-M21S-42,"LL Mountain Frame - Silver, 42",Components,Mountain Frames,Silver,264.05,100569.35722000009,11802593.286430119,224,2650,638,157.63,448.97,70,580
883,SJ-0194-L,"Short-Sleeve Classic Jersey, L",Clothing,Jerseys,Yellow,53.99,98472.71733400029,2120542.524800943,805,9877,2848,34.58,122.33,539,7327
993,BK-M18B-52,"Mountain-500 Black, 52",Bikes,Mountain Bikes,Black,539.99,96982.20400000003,94651172.70473431,146,18368,272,356.55,664.26,79,9719
716,LJ-0192-X,"Long-Sleeve Logo Jersey, XL",Clothing,Jerseys,Multi,49.99,95611.19708000016,2120542.524800943,1076,9877,2980,32.08,88.86,600,7327
854,TG-W091-L,"Women's Tights, L",Clothing,Tights,Black,74.99,94090.64290800002,2120542.524800943,441,9877,2123,44.32,213.36,144,7327
925,FR-M21B-44,"LL Mountain Frame - Black, 44",Components,Mountain Frames,Black,249.79,93584.42299599992,11802593.286430119,227,2650,625,149.74,412.27,67,580
852,TG-W091-S,"Women's Tights, S",Clothing,Tights,Black,74.99,91330.80093600004,2120542.524800943,422,9877,2072,44.08,216.42,150,7327
865,VE-C304-M,"Classic Vest, M",Clothing,Vests,Blue,63.5,90250.60054999997,2120542.524800943,555,9877,2284,39.51,162.61,348,7327
839,FR-R92B-48,"HL Road Frame - Black, 48",Components,Road Frames,Black,1431.5,89872.17360000001,11802593.286430119,47,2650,109,824.52,1912.17,35,580
719,FR-R92R-48,"HL Road Frame - Red, 48",Components,Road Frames,Red,1431.5,89872.17360000001,11802593.286430119,44,2650,109,824.52,2042.55,33,580
732,FR-R72R-48,"ML Road Frame - Red, 48",Components,Road Frames,Red,594.83,89224.50000000004,11802593.286430119,130,2650,250,356.9,686.34,61,580
856,SB-M891-M,"Men's Bib-Shorts, M",Clothing,Bib-Shorts,Multi,89.99,86166.045931,2120542.524800943,353,9877,1616,53.32,244.1,152,7327
819,FW-R762,ML Road Front Wheel,Components,Wheels,Black,248.385,79354.03980000006,11802593.286430119,195,2650,532,149.16,406.94,103,580
891,FR-T98U-50,"HL Touring Frame - Blue, 50",Components,Touring Frames,Blue,1003.91,74690.90400000001,11802593.286430119,58,2650,124,602.35,1287.77,30,580
881,SJ-0194-S,"Short-Sleeve Classic Jersey, S",Clothing,Jerseys,Yellow,53.99,71606.07316000028,2120542.524800943,717,9877,1955,36.63,99.87,528,7327
863,GL-F110-L,"Full-Finger Gloves, L",Clothing,Gloves,Black,37.99,69943.21424600006,2120542.524800943,364,9877,3378,20.71,192.15,111,7327
944,FR-M21S-40,"LL Mountain Frame - Silver, 40",Components,Mountain Frames,Silver,264.05,69934.27622000003,11802593.286430119,164,2650,442,158.22,426.43,68,580
886,FR-T67Y-62,"LL Touring Frame - Yellow, 62",Components,Touring Frames,Yellow,333.42,69127.13504999998,11802593.286430119,130,2650,348,198.64,531.75,59,580
890,FR-T98U-46,"HL Touring Frame - Blue, 46",Components,Touring Frames,Blue,1003.91,68667.44399999999,11802593.286430119,58,2650,114,602.35,1183.92,32,580
833,FR-R72Y-40,"ML Road Frame-W - Yellow, 40",Components,Road Frames,Yellow,594.83,68167.5144,11802593.286430119,88,2650,203,335.8,774.63,41,580
920,FR-M21S-52,"LL Mountain Frame - Silver, 52",Components,Mountain Frames,Silver,264.05,67332.75000000003,11802593.286430119,159,2650,425,158.43,423.48,76,580
924,FR-M21B-42,"LL Mountain Frame - Black, 42",Components,Mountain Frames,Black,249.79,63396.70199999998,11802593.286430119,162,2650,423,149.87,391.34,71,580
895,FR-T67U-50,"LL Touring Frame - Blue, 50",Components,Touring Frames,Blue,333.42,63216.431999999964,11802593.286430119,126,2650,316,200.05,501.72,61,580
804,FK-9939,HL Fork,Components,Forks,,229.49,61034.60962400002,11802593.286430119,117,2650,444,137.47,521.66,34,580
918,FR-M21S-44,"LL Mountain Frame - Silver, 44",Components,Mountain Frames,Silver,264.05,58777.53000000001,11802593.286430119,159,2650,371,158.43,369.67,71,580
899,FR-T67Y-44,"LL Touring Frame - Yellow, 44",Components,Touring Frames,Yellow,333.42,58699.39120799999,11802593.286430119,117,2650,294,199.66,501.7,53,580
826,RW-R623,LL Road Rear Wheel,Components,Wheels,Black,112.565,58655.37020000002,11802593.286430119,305,2650,868,67.58,192.31,116,580
926,FR-M21B-48,"LL Mountain Frame - Black, 48",Components,Mountain Frames,Black,249.79,57851.36399999999,11802593.286430119,164,2650,386,149.87,352.75,68,580
868,SH-W890-M,"Women's Mountain Shorts, M",Clothing,Shorts,Black,69.99,57685.75800000029,2120542.524800943,681,9877,1139,50.65,84.71,468,7327
859,GL-H102-M,"Half-Finger Gloves, M",Clothing,Gloves,Black,24.49,54545.48733799987,2120542.524800943,1086,9877,3464,15.75,50.23,675,7327
887,FR-T98Y-46,"HL Touring Frame - Yellow, 46",Components,Touring Frames,Yellow,1003.91,52404.10199999999,11802593.286430119,41,2650,87,602.35,1278.15,29,580
809,HB-M763,ML Mountain Handlebars,Components,Handlebars,,61.92,51753.70595200003,11802593.286430119,507,2650,1465,35.33,102.08,129,580
712,CA-1098,AWC Logo Cap,Clothing,Caps,Multi,8.99,51229.44562299945,2120542.524800943,3382,9877,8311,6.16,15.15,2406,7327
948,FB-9873,Front Brakes,Components,Brakes,Silver,106.5,50299.310999999994,11802593.286430119,266,2650,789,63.75,189.1,95,580
888,FR-T98Y-50,"HL Touring Frame - Yellow, 50",Components,Touring Frames,Yellow,1003.91,49994.71800000001,11802593.286430119,39,2650,83,602.35,1281.92,27,580
930,TI-M823,HL Mountain Tire,Accessories,Tires and Tubes,,35.0,48860.0,1272072.8839260074,1396,19524,1396,35.0,35.0,1396,15461
862,GL-F110-M,"Full-Finger Gloves, M",Clothing,Gloves,Black,37.99,48210.17617199995,2120542.524800943,359,9877,2206,21.85,134.29,107,7327
855,SB-M891-S,"Men's Bib-Shorts, S",Clothing,Bib-Shorts,Multi,89.99,47214.369376,2120542.524800943,231,9877,876,53.9,204.39,98,7327
878,FE-6654,Fender Set - Mountain,Accessories,Fenders,,21.98,46619.580000000955,1272072.8839260074,2121,19524,2121,21.98,21.98,2110,15461
900,FR-T67Y-50,"LL Touring Frame - Yellow, 50",Components,Touring Frames,Yellow,333.42,45611.855999999985,11802593.286430119,110,2650,228,200.05,414.65,51,580
849,SH-M897-M,"Men's Sports Shorts, M",Clothing,Shorts,Black,59.99,45594.283685999995,2120542.524800943,283,9877,1276,35.73,161.11,96,7327
736,FR-R38B-44,"LL Road Frame - Black, 44",Components,Road Frames,Black,337.22,45164.68459999999,11802593.286430119,110,2650,238,189.77,410.59,46,580
949,CS-4759,LL Crankset,Components,Cranksets,Black,175.49,44855.24399999998,11802593.286430119,176,2650,426,105.29,254.86,70,580
945,FD-2342,Front Derailleur,Components,Derailleurs,Silver,91.49,44484.2678,11802593.286430119,257,2650,813,54.72,173.09,93,580
813,HB-R956,HL Road Handlebars,Components,Handlebars,,120.27,43395.59680000002,11802593.286430119,270,2650,631,68.77,160.72,98,580
896,FR-T67U-54,"LL Touring Frame - Blue, 54",Components,Touring Frames,Blue,333.42,42210.97199999999,11802593.286430119,99,2650,211,200.05,426.37,49,580
906,FR-M63S-46,"ML Mountain Frame-W - Silver, 46",Components,Mountain Frames,Silver,364.09,41069.35199999999,11802593.286430119,87,2650,188,218.45,472.06,64,580
817,FW-M928,HL Mountain Front Wheel,Components,Wheels,Black,300.215,39988.638000000006,11802593.286430119,104,2650,222,180.13,384.51,72,580
806,HS-2451,ML Headset,Components,Headsets,,102.29,39909.108385,11802593.286430119,110,2650,659,60.56,362.81,32,580
879,ST-1401,All-Purpose Bike Stand,Accessories,Bike Stands,,159.0,39591.0,1272072.8839260074,249,19524,249,159.0,159.0,243,15461
996,BB-9108,HL Bottom Bracket,Components,Bottom Brackets,,121.49,39581.44200000002,11802593.286430119,218,2650,543,72.89,181.57,86,580
937,PD-M562,HL Mountain Pedal,Components,Pedals,Silver/Black,80.99,38018.32580000001,11802593.286430119,255,2650,785,48.43,149.09,106,580
858,GL-H102-S,"Half-Finger Gloves, S",Clothing,Gloves,Black,24.49,36490.550834999885,2120542.524800943,883,9877,2188,16.68,41.33,609,7327
929,TI-M602,ML Mountain Tire,Accessories,Tires and Tubes,,29.99,34818.39000000047,1272072.8839260074,1161,19524,1161,29.99,29.99,1161,15461
810,HB-M918,HL Mountain Handlebars,Components,Handlebars,,120.27,34375.34800000001,11802593.286430119,216,2650,500,68.75,159.15,74,580
857,SB-M891-L,"Men's Bib-Shorts, L",Clothing,Bib-Shorts,Multi,89.99,34178.202,2120542.524800943,178,9877,633,53.99,192.01,86,7327
816,FW-M762,ML Mountain Front Wheel,Components,Wheels,Black,209.025,33360.39,11802593.286430119,114,2650,266,125.42,292.64,67,580
940,PD-R853,HL Road Pedal,Components,Pedals,Silver/Black,80.99,32849.543999999994,11802593.286430119,264,2650,676,48.59,124.43,112,580
733,FR-R72R-52,"ML Road Frame - Red, 52",Components,Road Frames,Red,594.83,32120.819999999992,11802593.286430119,44,2650,90,356.9,730.02,23,580
870,WB-H098,Water Bottle - 30 oz.,Accessories,Bottles and Cages,,4.99,28654.163326999198,1272072.8839260074,4688,19524,6815,4.2,6.11,4243,15461
933,TI-R982,HL Road Tire,Accessories,Tires and Tubes,,32.6,27970.800000000203,1272072.8839260074,858,19524,858,32.6,32.6,820,15461
934,TI-T723,Touring Tire,Accessories,Tires and Tubes,,28.99,27105.650000000027,1272072.8839260074,935,19524,935,28.99,28.99,920,15461
894,RD-2308,Rear Derailleur,Components,Derailleurs,Silver,121.46,25725.228000000014,11802593.286430119,145,2650,353,72.88,177.42,61,580
723,FR-R38B-60,"LL Road Frame - Black, 60",Components,Road Frames,Black,337.22,24844.692199999998,11802593.286430119,52,2650,129,192.59,477.78,33,580
939,PD-R563,ML Road Pedal,Components,Pedals,Silver/Black,62.09,24624.89399999999,11802593.286430119,265,2650,661,37.25,92.92,119,580
932,TI-R628,ML Road Tire,Accessories,Tires and Tubes,,24.99,23140.740000000307,1272072.8839260074,926,19524,926,24.99,24.99,891,15461
860,GL-H102-L,"Half-Finger Gloves, L",Clothing,Gloves,Black,24.49,22912.259475999912,2120542.524800943,673,9877,1276,17.96,34.04,526,7327
815,FW-M423,LL Mountain Front Wheel,Components,Wheels,Black,60.745,22462.84495400001,11802593.286430119,232,2650,617,36.41,96.82,100,580
931,TI-R092,LL Road Tire,Accessories,Tires and Tubes,,21.49,22435.560000000307,1272072.8839260074,1044,19524,1044,21.49,21.49,1030,15461
808,HB-M243,LL Mountain Handlebars,Components,Handlebars,,44.54,22008.268727999995,11802593.286430119,301,2650,865,25.44,73.12,90,580
882,SJ-0194-M,"Short-Sleeve Classic Jersey, M",Clothing,Jerseys,Yellow,53.99,21973.93000000011,2120542.524800943,407,9877,407,53.99,53.99,404,7327
928,TI-M267,LL Mountain Tire,Accessories,Tires and Tubes,,24.99,21541.380000000205,1272072.8839260074,862,19524,862,24.99,24.99,830,15461
713,LJ-0192-S,"Long-Sleeve Logo Jersey, S",Clothing,Jerseys,Multi,49.99,21445.7100000001,2120542.524800943,429,9877,429,49.99,49.99,426,7327
938,PD-R347,LL Road Pedal,Components,Pedals,Silver/Black,40.49,21087.192000000006,11802593.286430119,309,2650,868,24.29,68.24,110,580
841,SH-M897-S,"Men's Sports Shorts, S",Clothing,Shorts,Black,59.99,20364.997267999992,2120542.524800943,160,9877,567,35.92,127.28,53,7327
828,RW-R820,HL Road Rear Wheel,Components,Wheels,Black,357.06,20238.160799999998,11802593.286430119,46,2650,94,215.3,439.96,46,580
871,BC-M005,Mountain Bottle Cage,Accessories,Bottles and Cages,,9.99,20229.75000000017,1272072.8839260074,2025,19524,2025,9.99,9.99,2004,15461
727,FR-R38R-52,"LL Road Frame - Red, 52",Components,Road Frames,Red,337.22,20104.4434,11802593.286430119,48,2650,100,201.04,418.84,34,580
807,HS-3479,HL Headset,Components,Headsets,,124.73,19083.690000000002,11802593.286430119,110,2650,255,74.84,173.49,38,580
877,CL-9009,Bike Wash - Dissolver,Accessories,Cleaners,,7.95,18406.97207999989,1272072.8839260074,1327,19524,3319,5.55,13.87,1044,15461
823,RW-M423,LL Mountain Rear Wheel,Components,Wheels,Black,87.745,18005.27399999999,11802593.286430119,148,2650,342,52.65,121.66,89,580
853,TG-W091-M,"Women's Tights, M",Clothing,Tights,Black,74.99,17727.636,2120542.524800943,114,9877,394,44.99,155.51,45,7327
802,FK-1639,LL Fork,Components,Forks,,148.22,16897.079999999994,11802593.286430119,83,2650,190,88.93,203.58,37,580
910,SE-M940,HL Mountain Seat/Saddle,Components,Saddles,,52.64,16392.09599999999,11802593.286430119,222,2650,519,31.58,73.84,98,580
843,LO-C100,Cable Lock,Accessories,Locks,,25.0,16240.22,1272072.8839260074,260,19524,1087,14.94,62.46,94,15461
850,SH-M897-L,"Men's Sports Shorts, L",Clothing,Shorts,Black,59.99,16017.33,2120542.524800943,131,9877,445,35.99,122.27,55,7327
907,RB-9231,Rear Brakes,Components,Brakes,Silver,106.5,15719.400000000001,11802593.286430119,113,2650,246,63.9,139.11,66,580
921,TT-M928,Mountain Tire Tube,Accessories,Tires and Tubes,,4.99,15444.04999999951,1272072.8839260074,3095,19524,3095,4.99,4.99,2960,15461
872,BC-R205,Road Bottle Cage,Accessories,Bottles and Cages,,8.99,15390.879999999732,1272072.8839260074,1712,19524,1712,8.99,8.99,1700,15461
830,FR-M63B-40,"ML Mountain Frame - Black, 40",Components,Mountain Frames,Black,348.76,14229.408000000001,11802593.286430119,33,2650,68,209.26,431.19,33,580
875,SO-R809-L,"Racing Socks, L",Clothing,Socks,White,8.99,13784.589951999971,2120542.524800943,604,9877,2473,5.57,22.82,380,7327
744,FR-M94B-44,"HL Mountain Frame - Black, 44",Components,Mountain Frames,Black,1349.6,13765.920000000002,11802593.286430119,13,2650,17,809.76,1058.92,9,580
844,PU-0452,Minipump,Accessories,Pumps,,19.99,13514.687276,1272072.8839260074,267,19524,1130,11.96,50.62,90,15461
916,SE-T924,HL Touring Seat/Saddle,Components,Saddles,,52.64,13454.78399999999,11802593.286430119,177,2650,426,31.58,76.02,68,580
936,PD-M340,ML Mountain Pedal,Components,Pedals,Silver/Black,62.09,12852.629999999994,11802593.286430119,158,2650,345,37.25,81.35,77,580
866,VE-C304-L,"Classic Vest, L",Clothing,Vests,Blue,63.5,12839.7,2120542.524800943,201,9877,207,62.03,63.88,201,7327
909,SE-M798,ML Mountain Seat/Saddle,Components,Saddles,,39.14,12497.167160000003,11802593.286430119,138,2650,534,23.4,90.56,61,580
994,BB-7421,LL Bottom Bracket,Components,Bottom Brackets,,53.99,12244.931999999992,11802593.286430119,150,2650,378,32.39,81.63,61,580
947,HB-T928,HL Touring Handlebars,Components,Handlebars,,91.57,12087.24,11802593.286430119,109,2650,220,54.94,110.89,64,580
861,GL-F110-S,"Full-Finger Gloves, S",Clothing,Gloves,Black,37.99,11410.296499999995,2120542.524800943,240,9877,500,22.82,47.54,114,7327
935,PD-M282,LL Mountain Pedal,Components,Pedals,Silver/Black,40.49,10908.006000000005,11802593.286430119,195,2650,449,24.29,55.94,98,580
827,RW-R762,ML Road Rear Wheel,Components,Wheels,Black,275.385,10574.784,11802593.286430119,31,2650,64,165.23,341.12,31,580
950,CS-6583,ML Crankset,Components,Cranksets,Black,256.49,10464.792000000001,11802593.286430119,28,2650,68,153.89,373.74,28,580
922,TT-R982,Road Tire Tube,Accessories,Tires and Tubes,,3.99,9480.239999999707,1272072.8839260074,2376,19524,2376,3.99,3.99,2226,15461
874,SO-R809-M,"Racing Socks, M",Clothing,Socks,White,8.99,9387.149431999971,2120542.524800943,593,9877,1547,6.07,15.83,400,7327
952,CH-0234,Chain,Components,Chains,Silver,20.24,9377.710144000002,11802593.286430119,250,2650,774,12.12,37.51,95,580
873,PK-7098,Patch Kit/8 Patches,Accessories,Tires and Tubes,,2.29,8232.597631999912,1272072.8839260074,3354,19524,3865,2.13,2.45,3030,15461
923,TT-T092,Touring Tire Tube,Accessories,Tires and Tubes,,4.99,7425.119999999861,1272072.8839260074,1488,19524,1488,4.99,4.99,1411,15461
902,FR-T67Y-58,"LL Touring Frame - Yellow, 58",Components,Touring Frames,Yellow,333.42,7201.871999999999,11802593.286430119,20,2650,36,200.05,360.09,20,580
941,PD-T852,Touring Pedal,Components,Pedals,Silver/Black,80.99,7143.318000000003,11802593.286430119,71,2650,147,48.59,100.61,54,580
919,FR-M21S-48,"LL Mountain Frame - Silver, 48",Components,Mountain Frames,Silver,264.05,6970.92,11802593.286430119,16,2650,44,158.43,435.68,16,580
709,SO-B909-M,"Mountain Bike Socks, M",Clothing,Socks,White,9.5,6060.388199999997,2120542.524800943,188,9877,1107,5.47,32.24,69,7327
908,SE-M236,LL Mountain Seat/Saddle,Components,Saddles,,27.12,5636.957087999999,11802593.286430119,153,2650,347,16.24,36.84,71,580
811,HB-R504,LL Road Handlebars,Components,Handlebars,,44.54,5422.5374999999985,11802593.286430119,98,2650,213,25.46,55.33,68,580
903,FR-T67U-44,"LL Touring Frame - Blue, 44",Components,Touring Frames,Blue,333.42,5001.3,11802593.286430119,14,2650,25,200.05,357.24,14,580
913,SE-R995,HL Road Seat/Saddle,Components,Saddles,,52.64,4232.255999999999,11802593.286430119,60,2650,134,31.58,70.54,55,580
898,FR-T67U-62,"LL Touring Frame - Blue, 62",Components,Touring Frames,Blue,333.42,3000.7799999999997,11802593.286430119,9,2650,15,200.05,333.42,9,580
927,FR-M21B-52,"LL Mountain Frame - Black, 52",Components,Mountain Frames,Black,249.79,2248.11,11802593.286430119,9,2650,15,149.87,249.79,9,580
915,SE-T762,ML Touring Seat/Saddle,Components,Saddles,,39.14,1972.6560000000002,11802593.286430119,41,2650,84,23.48,48.11,28,580
805,HS-0296,LL Headset,Components,Headsets,,34.2,1949.3999999999999,11802593.286430119,46,2650,95,20.52,42.38,36,580
946,HB-T721,LL Touring Handlebars,Components,Handlebars,,46.09,1548.624,11802593.286430119,30,2650,56,27.65,51.62,30,580
942,FR-M63S-38,"ML Mountain Frame-W - Silver, 38",Components,Mountain Frames,Silver,364.09,1529.1779999999999,11802593.286430119,5,2650,7,218.45,305.84,5,580
914,SE-T312,LL Touring Seat/Saddle,Components,Saddles,,27.12,1480.7519999999997,11802593.286430119,43,2650,91,16.27,34.44,43,580
943,FR-M21B-40,"LL Mountain Frame - Black, 40",Components,Mountain Frames,Black,249.79,1198.992,11802593.286430119,6,2650,8,149.87,199.83,6,580
897,FR-T67U-58,"LL Touring Frame - Blue, 58",Components,Touring Frames,Blue,333.42,800.208,11802593.286430119,2,2650,4,200.05,400.1,2,580
710,SO-B909-L,"Mountain Bike Socks, L",Clothing,Socks,White,9.5,512.9999999999999,2120542.524800943,44,9877,90,5.7,11.66,28,7327
911,SE-R581,LL Road Seat/Saddle,Components,Saddles,,27.12,162.71999999999997,11802593.286430119,6,2650,10,16.27,27.12,6,580
459,LN-9080,Lock Nut 19,,,,0.0,0.0,0.0,0,0,0,,,0,0
529,SM-9087,Stem,,,,0.0,0.0,0.0,0,0,0,,,0,0
518,SA-R430,ML Road Seat Assembly,,,,147.14,0.0,0.0,0,0,0,,,0,0
509,RM-M823,HL Mountain Rim,,,,0.0,0.0,0.0,0,0,0,,,0,0
829,RW-T905,Touring Rear Wheel,Components,Wheels,Black,245.01,0.0,11802593.286430119,0,2650,0,,,0,580
440,LN-1213,Lock Nut 16,,,,0.0,0.0,0.0,0,0,0,,,0,0
358,GT-2908,HL Grip Tape,,,,0.0,0.0,0.0,0,0,0,,,0,0
728,FR-R38R-58,"LL Road Frame - Red, 58",Components,Road Frames,Red,337.22,0.0,11802593.286430119,0,2650,0,,,0,580
512,RM-R800,HL Road Rim,,,,0.0,0.0,0.0,0,0,0,,,0,0
360,HJ-1220,Thin-Jam Hex Nut 10,,,,0.0,0.0,0.0,0,0,0,,,0,0
371,HJ-7161,Thin-Jam Hex Nut 7,,,,0.0,0.0,0.0,0,0,0,,,0,0
378,HN-1220,Hex Nut 17,,,,0.0,0.0,0.0,0,0,0,,,0,0
385,HN-3824,Hex Nut 13,,,,0.0,0.0,0.0,0,0,0,,,0,0
388,HN-5162,Hex Nut 11,,,,0.0,0.0,0.0,0,0,0,,,0,0
470,LW-5160,Lock Washer 7,,,,0.0,0.0,0.0,0,0,0,,,0,0
494,PA-529S,Paint - Silver,,,,0.0,0.0,0.0,0,0,0,,,0,0
375,HN-1024,Hex Nut 5,,,,0.0,0.0,0.0,0,0,0,,,0,0
438,LN-1024,Lock Nut 5,,,,0.0,0.0,0.0,0,0,0,,,0,0
448,LN-3824,Lock Nut 13,,,,0.0,0.0,0.0,0,0,0,,,0,0
846,LT-T990,Taillights - Battery-Powered,Accessories,Lights,,13.99,0.0,1272072.8839260074,0,19524,0,,,0,15461
344,FW-3400,Flat Washer 9,,,,0.0,0.0,0.0,0,0,0,,,0,0
365,HJ-3816,Thin-Jam Hex Nut 5,,,,0.0,0.0,0.0,0,0,0,,,0,0
368,HJ-5162,Thin-Jam Hex Nut 4,,,,0.0,0.0,0.0,0,0,0,,,0,0
395,HN-8320,Hex Nut 4,,,,0.0,0.0,0.0,0,0,0,,,0,0
491,NI-9522,HL Nipple,,,,0.0,0.0,0.0,0,0,0,,,0,0
525,SH-4562,LL Shell,,,,0.0,0.0,0.0,0,0,0,,,0,0
706,FR-R92R-58,"HL Road Frame - Red, 58",Components,Road Frames,Red,1431.5,0.0,11802593.286430119,0,2650,0,,,0,580
441,LN-1220,Lock Nut 17,,,,0.0,0.0,0.0,0,0,0,,,0,0
528,SL-0931,Seat Lug,,,,0.0,0.0,0.0,0,0,0,,,0,0
324,CS-2812,Chain Stays,,,,0.0,0.0,0.0,0,0,0,,,0,0
321,CN-6137,Chainring Nut,,,Silver,0.0,0.0,0.0,0,0,0,,,0,0
369,HJ-5811,Thin-Jam Hex Nut 13,,,,0.0,0.0,0.0,0,0,0,,,0,0
342,FW-1200,Flat Washer 6,,,,0.0,0.0,0.0,0,0,0,,,0,0
392,HN-6320,Hex Nut 3,,,,0.0,0.0,0.0,0,0,0,,,0,0
394,HN-7162,Hex Nut 15,,,,0.0,0.0,0.0,0,0,0,,,0,0
478,MB-6061,Metal Bar 2,,,,0.0,0.0,0.0,0,0,0,,,0,0
746,FR-M94B-46,"HL Mountain Frame - Black, 46",Components,Mountain Frames,Black,1349.6,0.0,11802593.286430119,0,2650,0,,,0,580
435,LJ-7162,Thin-Jam Lock Nut 8,,,,0.0,0.0,0.0,0,0,0,,,0,0
322,CR-7833,Chainring,,,Black,0.0,0.0,0.0,0,0,0,,,0,0
1,AR-5381,Adjustable Race,,,,0.0,0.0,0.0,0,0,0,,,0,0
376,HN-1032,Hex Nut 6,,,,0.0,0.0,0.0,0,0,0,,,0,0
516,SA-M687,HL Mountain Seat Assembly,,,,196.92,0.0,0.0,0,0,0,,,0,0
912,SE-R908,ML Road Seat/Saddle,Components,Saddles,,39.14,0.0,11802593.286430119,0,2650,0,,,0,580
345,FW-3800,Flat Washer 4,,,,0.0,0.0,0.0,0,0,0,,,0,0
430,LJ-5161,Thin-Jam Lock Nut 3,,,,0.0,0.0,0.0,0,0,0,,,0,0
389,HN-5400,Hex Nut 2,,,,0.0,0.0,0.0,0,0,0,,,0,0
437,LJ-9161,Thin-Jam Lock Nut 11,,,,0.0,0.0,0.0,0,0,0,,,0,0
473,LW-7160,Lock Washer 9,,,,0.0,0.0,0.0,0,0,0,,,0,0
523,SD-2342,LL Spindle/Axle,,,,0.0,0.0,0.0,0,0,0,,,0,0
511,RM-R600,ML Road Rim,,,,0.0,0.0,0.0,0,0,0,,,0,0
359,HJ-1213,Thin-Jam Hex Nut 9,,,,0.0,0.0,0.0,0,0,0,,,0,0
402,KW-4091,Keyed Washer,,,,0.0,0.0,0.0,0,0,0,,,0,0
460,LN-9161,Lock Nut 18,,,,0.0,0.0,0.0,0,0,0,,,0,0
420,LI-7160,Internal Lock Washer 8,,,,0.0,0.0,0.0,0,0,0,,,0,0
488,MS-6061,Metal Sheet 1,,,,0.0,0.0,0.0,0,0,0,,,0,0
418,LI-5800,Internal Lock Washer 10,,,,0.0,0.0,0.0,0,0,0,,,0,0
350,FC-3654,Fork Crown,,,,0.0,0.0,0.0,0,0,0,,,0,0
401,HU-8998,HL Hub,,,,0.0,0.0,0.0,0,0,0,,,0,0
317,CA-5965,LL Crankarm,,,Black,0.0,0.0,0.0,0,0,0,,,0,0
508,RM-M692,ML Mountain Rim,,,,0.0,0.0,0.0,0,0,0,,,0,0
485,MS-2259,Metal Sheet 4,,,,0.0,0.0,0.0,0,0,0,,,0,0
522,SA-T872,HL Touring Seat Assembly,,,,196.92,0.0,0.0,0,0,0,,,0,0
517,SA-R127,LL Road Seat Assembly,,,,133.34,0.0,0.0,0,0,0,,,0,0
383,HN-3416,Hex Nut 23,,,,0.0,0.0,0.0,0,0,0,,,0,0
458,LN-8320,Lock Nut 4,,,,0.0,0.0,0.0,0,0,0,,,0,0
486,MS-2341,Metal Sheet 5,,,,0.0,0.0,0.0,0,0,0,,,0,0
506,RF-9198,Reflector,,,,0.0,0.0,0.0,0,0,0,,,0,0
332,FH-2981,Freewheel,,,Silver,0.0,0.0,0.0,0,0,0,,,0,0
513,RM-T801,Touring Rim,,,,0.0,0.0,0.0,0,0,0,,,0,0
818,FW-R623,LL Road Front Wheel,Components,Wheels,Black,85.565,0.0,11802593.286430119,0,2650,0,,,0,580
533,ST-9828,Seat Tube,,,,0.0,0.0,0.0,0,0,0,,,0,0
995,BB-8107,ML Bottom Bracket,Components,Bottom Brackets,,101.24,0.0,11802593.286430119,0,2650,0,,,0,580
391,HN-5818,Hex Nut 21,,,,0.0,0.0,0.0,0,0,0,,,0,0
410,LE-7160,External Lock Washer 8,,,,0.0,0.0,0.0,0,0,0,,,0,0
471,LW-5800,Lock Washer 12,,,,0.0,0.0,0.0,0,0,0,,,0,0
474,LW-8000,Lock Washer 3,,,,0.0,0.0,0.0,0,0,0,,,0,0
357,GT-1209,ML Grip Tape,,,,0.0,0.0,0.0,0,0,0,,,0,0
679,RC-0291,Rear Derailleur Cage,,,Silver,0.0,0.0,0.0,0,0,0,,,0,0
735,FR-R72R-60,"ML Road Frame - Red, 60",Components,Road Frames,Red,594.83,0.0,11802593.286430119,0,2650,0,,,0,580
407,LE-3800,External Lock Washer 7,,,,0.0,0.0,0.0,0,0,0,,,0,0
452,LN-5400,Lock Nut 2,,,,0.0,0.0,0.0,0,0,0,,,0,0
454,LN-5818,Lock Nut 21,,,,0.0,0.0,0.0,0,0,0,,,0,0
515,SA-M237,ML Mountain Seat Assembly,,,,147.14,0.0,0.0,0,0,0,,,0,0
837,FR-R92B-62,"HL Road Frame - Black, 62",Components,Road Frames,Black,1431.5,0.0,11802593.286430119,0,2650,0,,,0,580
361,HJ-1420,Thin-Jam Hex Nut 1,,,,0.0,0.0,0.0,0,0,0,,,0,0
426,LJ-3410,Thin-Jam Lock Nut 15,,,,0.0,0.0,0.0,0,0,0,,,0,0
453,LN-5811,Lock Nut 20,,,,0.0,0.0,0.0,0,0,0,,,0,0
848,LT-H903,Headlights - Weatherproof,Accessories,Lights,,44.99,0.0,1272072.8839260074,0,19524,0,,,0,15461
348,FW-7160,Flat Washer 5,,,,0.0,0.0,0.0,0,0,0,,,0,0
412,LI-1000,Internal Lock Washer 3,,,,0.0,0.0,0.0,0,0,0,,,0,0
380,HN-1420,Hex Nut 8,,,,0.0,0.0,0.0,0,0,0,,,0,0
386,HN-4402,Hex Nut 1,,,,0.0,0.0,0.0,0,0,0,,,0,0
851,SH-M897-X,"Men's Sports Shorts, XL",Clothing,Shorts,Black,59.99,0.0,2120542.524800943,0,9877,0,,,0,7327
901,FR-T67Y-54,"LL Touring Frame - Yellow, 54",Components,Touring Frames,Yellow,333.42,0.0,11802593.286430119,0,2650,0,,,0,580
404,LE-1200,External Lock Washer 4,,,,0.0,0.0,0.0,0,0,0,,,0,0
449,LN-4400,Lock Nut 1,,,,0.0,0.0,0.0,0,0,0,,,0,0
483,MS-1256,Metal Sheet 3,,,,0.0,0.0,0.0,0,0,0,,,0,0
331,FE-3760,Fork End,,,,0.0,0.0,0.0,0,0,0,,,0,0
842,PA-T100,"Touring-Panniers, Large",Accessories,Panniers,Grey,125.0,0.0,1272072.8839260074,0,19524,0,,,0,15461
384,HN-3816,Hex Nut 12,,,,0.0,0.0,0.0,0,0,0,,,0,0
532,SS-2985,Seat Stays,,,,0.0,0.0,0.0,0,0,0,,,0,0
382,HN-3410,Hex Nut 22,,,,0.0,0.0,0.0,0,0,0,,,0,0
424,LJ-1420,Thin-Jam Lock Nut 1,,,,0.0,0.0,0.0,0,0,0,,,0,0
425,LJ-1428,Thin-Jam Lock Nut 2,,,,0.0,0.0,0.0,0,0,0,,,0,0
465,LW-1201,Lock Washer 10,,,,0.0,0.0,0.0,0,0,0,,,0,0
492,PA-187B,Paint - Black,,,,0.0,0.0,0.0,0,0,0,,,0,0
507,RM-M464,LL Mountain Rim,,,,0.0,0.0,0.0,0,0,0,,,0,0
803,FK-5136,ML Fork,Components,Forks,,175.49,0.0,11802593.286430119,0,2650,0,,,0,580
840,FR-R92B-52,"HL Road Frame - Black, 52",Components,Road Frames,Black,1431.5,0.0,11802593.286430119,0,2650,0,,,0,580
372,HJ-7162,Thin-Jam Hex Nut 8,,,,0.0,0.0,0.0,0,0,0,,,0,0
373,HJ-9080,Thin-Jam Hex Nut 12,,,,0.0,0.0,0.0,0,0,0,,,0,0
456,LN-7161,Lock Nut 14,,,,0.0,0.0,0.0,0,0,0,,,0,0
469,LW-4000,Lock Washer 1,,,,0.0,0.0,0.0,0,0,0,,,0,0
415,LI-1400,Internal Lock Washer 5,,,,0.0,0.0,0.0,0,0,0,,,0,0
484,MS-1981,Metal Sheet 7,,,,0.0,0.0,0.0,0,0,0,,,0,0
328,EC-M092,Mountain End Caps,,,,0.0,0.0,0.0,0,0,0,,,0,0
436,LJ-9080,Thin-Jam Lock Nut 12,,,,0.0,0.0,0.0,0,0,0,,,0,0
451,LN-5162,Lock Nut 11,,,,0.0,0.0,0.0,0,0,0,,,0,0
477,MB-2024,Metal Bar 1,,,,0.0,0.0,0.0,0,0,0,,,0,0
461,LR-2398,Lock Ring,,,Silver,0.0,0.0,0.0,0,0,0,,,0,0
432,LJ-5811,Thin-Jam Lock Nut 13,,,,0.0,0.0,0.0,0,0,0,,,0,0
467,LW-3400,Lock Washer 13,,,,0.0,0.0,0.0,0,0,0,,,0,0
476,MA-7075,Metal Angle,,,,0.0,0.0,0.0,0,0,0,,,0,0
387,HN-5161,Hex Nut 10,,,,0.0,0.0,0.0,0,0,0,,,0,0
403,LE-1000,External Lock Washer 3,,,,0.0,0.0,0.0,0,0,0,,,0,0
341,FW-1000,Flat Washer 1,,,,0.0,0.0,0.0,0,0,0,,,0,0
812,HB-R720,ML Road Handlebars,Components,Handlebars,,61.92,0.0,11802593.286430119,0,2650,0,,,0,580
366,HJ-3824,Thin-Jam Hex Nut 6,,,,0.0,0.0,0.0,0,0,0,,,0,0
422,LJ-1213,Thin-Jam Lock Nut 9,,,,0.0,0.0,0.0,0,0,0,,,0,0
462,LR-8520,Lower Head Race,,,,0.0,0.0,0.0,0,0,0,,,0,0
325,DC-8732,Decal 1,,,,0.0,0.0,0.0,0,0,0,,,0,0
367,HJ-5161,Thin-Jam Hex Nut 3,,,,0.0,0.0,0.0,0,0,0,,,0,0
413,LI-1200,Internal Lock Washer 4,,,,0.0,0.0,0.0,0,0,0,,,0,0
504,RA-2345,Cup-Shaped Race,,,,0.0,0.0,0.0,0,0,0,,,0,0
490,NI-4127,LL Nipple,,,,0.0,0.0,0.0,0,0,0,,,0,0
521,SA-T612,ML Touring Seat Assembly,,,,147.14,0.0,0.0,0,0,0,,,0,0
429,LJ-3824,Thin-Jam Lock Nut 6,,,,0.0,0.0,0.0,0,0,0,,,0,0
445,LN-3410,Lock Nut 22,,,,0.0,0.0,0.0,0,0,0,,,0,0
466,LW-1400,Lock Washer 6,,,,0.0,0.0,0.0,0,0,0,,,0,0
475,LW-9160,Lock Washer 11,,,,0.0,0.0,0.0,0,0,0,,,0,0
481,MP-4960,Metal Plate 3,,,,0.0,0.0,0.0,0,0,0,,,0,0
527,SK-9283,Spokes,,,,0.0,0.0,0.0,0,0,0,,,0,0
526,SH-9312,HL Shell,,,,0.0,0.0,0.0,0,0,0,,,0,0
510,RM-R436,LL Road Rim,,,,0.0,0.0,0.0,0,0,0,,,0,0
2,BA-8327,Bearing Ball,,,,0.0,0.0,0.0,0,0,0,,,0,0
397,HN-9168,Hex Nut 19,,,,0.0,0.0,0.0,0,0,0,,,0,0
443,LN-1420,Lock Nut 8,,,,0.0,0.0,0.0,0,0,0,,,0,0
450,LN-5161,Lock Nut 10,,,,0.0,0.0,0.0,0,0,0,,,0,0
463,LW-1000,Lock Washer 4,,,,0.0,0.0,0.0,0,0,0,,,0,0
489,MT-1000,Metal Tread Plate,,,,0.0,0.0,0.0,0,0,0,,,0,0
320,CB-2903,Chainring Bolts,,,Silver,0.0,0.0,0.0,0,0,0,,,0,0
396,HN-9161,Hex Nut 18,,,,0.0,0.0,0.0,0,0,0,,,0,0
405,LE-1201,External Lock Washer 9,,,,0.0,0.0,0.0,0,0,0,,,0,0
428,LJ-3816,Thin-Jam Lock Nut 5,,,,0.0,0.0,0.0,0,0,0,,,0,0
442,LN-1224,Lock Nut 7,,,,0.0,0.0,0.0,0,0,0,,,0,0
439,LN-1032,Lock Nut 6,,,,0.0,0.0,0.0,0,0,0,,,0,0
363,HJ-3410,Thin-Jam Hex Nut 15,,,,0.0,0.0,0.0,0,0,0,,,0,0
390,HN-5811,Hex Nut 20,,,,0.0,0.0,0.0,0,0,0,,,0,0
411,LE-8000,External Lock Washer 2,,,,0.0,0.0,0.0,0,0,0,,,0,0
414,LI-1201,Internal Lock Washer 9,,,,0.0,0.0,0.0,0,0,0,,,0,0
399,HT-8019,Head Tube,,,,0.0,0.0,0.0,0,0,0,,,0,0
519,SA-R522,HL Road Seat Assembly,,,,196.92,0.0,0.0,0,0,0,,,0,0
505,RA-7490,Cone-Shaped Race,,,,0.0,0.0,0.0,0,0,0,,,0,0
4,BE-2908,Headset Ball Bearings,,,,0.0,0.0,0.0,0,0,0,,,0,0
534,TO-2301,Top Tube,,,,0.0,0.0,0.0,0,0,0,,,0,0
535,TP-0923,Tension Pulley,,,,0.0,0.0,0.0,0,0,0,,,0,0
446,LN-3416,Lock Nut 23,,,,0.0,0.0,0.0,0,0,0,,,0,0
495,PA-632U,Paint - Blue,,,,0.0,0.0,0.0,0,0,0,,,0,0
316,BL-2036,Blade,,,,0.0,0.0,0.0,0,0,0,,,0,0
327,DT-2377,Down Tube,,,,0.0,0.0,0.0,0,0,0,,,0,0
362,HJ-1428,Thin-Jam Hex Nut 2,,,,0.0,0.0,0.0,0,0,0,,,0,0
3,BE-2349,BB Ball Bearing,,,,0.0,0.0,0.0,0,0,0,,,0,0
356,GT-0820,LL Grip Tape,,,,0.0,0.0,0.0,0,0,0,,,0,0
680,FR-R92B-58,"HL Road Frame - Black, 58",Components,Road Frames,Black,1431.5,0.0,11802593.286430119,0,2650,0,,,0,580
393,HN-7161,Hex Nut 14,,,,0.0,0.0,0.0,0,0,0,,,0,0
364,HJ-3416,Thin-Jam Hex Nut 16,,,,0.0,0.0,0.0,0,0,0,,,0,0
472,LW-6000,Lock Washer 2,,,,0.0,0.0,0.0,0,0,0,,,0,0
479,MP-2066,Metal Plate 2,,,,0.0,0.0,0.0,0,0,0,,,0,0
480,MP-2503,Metal Plate 1,,,,0.0,0.0,0.0,0,0,0,,,0,0
355,GP-0982,Guide Pulley,,,,0.0,0.0,0.0,0,0,0,,,0,0
351,FC-3982,Front Derailleur Cage,,,Silver,0.0,0.0,0.0,0,0,0,,,0,0
323,CR-9981,Crown Race,,,,0.0,0.0,0.0,0,0,0,,,0,0
326,DC-9824,Decal 2,,,,0.0,0.0,0.0,0,0,0,,,0,0
379,HN-1224,Hex Nut 7,,,,0.0,0.0,0.0,0,0,0,,,0,0
408,LE-5160,External Lock Washer 6,,,,0.0,0.0,0.0,0,0,0,,,0,0
409,LE-6000,External Lock Washer 1,,,,0.0,0.0,0.0,0,0,0,,,0,0
444,LN-1428,Lock Nut 9,,,,0.0,0.0,0.0,0,0,0,,,0,0
457,LN-7162,Lock Nut 15,,,,0.0,0.0,0.0,0,0,0,,,0,0
496,PA-823Y,Paint - Yellow,,,,0.0,0.0,0.0,0,0,0,,,0,0
374,HJ-9161,Thin-Jam Hex Nut 11,,,,0.0,0.0,0.0,0,0,0,,,0,0
419,LI-6000,Internal Lock Washer 1,,,,0.0,0.0,0.0,0,0,0,,,0,0
423,LJ-1220,Thin-Jam Lock Nut 10,,,,0.0,0.0,0.0,0,0,0,,,0,0
482,MS-0253,Metal Sheet 2,,,,0.0,0.0,0.0,0,0,0,,,0,0
343,FW-1400,Flat Washer 2,,,,0.0,0.0,0.0,0,0,0,,,0,0
381,HN-1428,Hex Nut 9,,,,0.0,0.0,0.0,0,0,0,,,0,0
330,EC-T209,Touring End Caps,,,,0.0,0.0,0.0,0,0,0,,,0,0
319,CA-7457,HL Crankarm,,,Black,0.0,0.0,0.0,0,0,0,,,0,0
847,LT-H902,Headlights - Dual-Beam,Accessories,Lights,,34.99,0.0,1272072.8839260074,0,19524,0,,,0,15461
347,FW-5800,Flat Washer 8,,,,0.0,0.0,0.0,0,0,0,,,0,0
455,LN-6320,Lock Nut 3,,,,0.0,0.0,0.0,0,0,0,,,0,0
531,SR-2098,Steerer,,,,0.0,0.0,0.0,0,0,0,,,0,0
514,SA-M198,LL Mountain Seat Assembly,,,,133.34,0.0,0.0,0,0,0,,,0,0
845,PU-M044,Mountain Pump,Accessories,Pumps,,24.99,0.0,1272072.8839260074,0,19524,0,,,0,15461
834,FR-R72Y-42,"ML Road Frame-W - Yellow, 42",Components,Road Frames,Yellow,594.83,0.0,11802593.286430119,0,2650,0,,,0,580
720,FR-R92R-52,"HL Road Frame - Red, 52",Components,Road Frames,Red,1431.5,0.0,11802593.286430119,0,2650,0,,,0,580
487,MS-2348,Metal Sheet 6,,,,0.0,0.0,0.0,0,0,0,,,0,0
497,PB-6109,Pinch Bolt,,,,0.0,0.0,0.0,0,0,0,,,0,0
520,SA-T467,LL Touring Seat Assembly,,,,133.34,0.0,0.0,0,0,0,,,0,0
734,FR-R72R-58,"ML Road Frame - Red, 58",Components,Road Frames,Red,594.83,0.0,11802593.286430119,0,2650,0,,,0,580
468,LW-3800,Lock Washer 8,,,,0.0,0.0,0.0,0,0,0,,,0,0
530,SP-2981,Seat Post,,,,0.0,0.0,0.0,0,0,0,,,0,0
318,CA-6738,ML Crankarm,,,Black,0.0,0.0,0.0,0,0,0,,,0,0
731,FR-R72R-44,"ML Road Frame - Red, 44",Components,Road Frames,Red,594.83,0.0,11802593.286430119,0,2650,0,,,0,580
406,LE-1400,External Lock Washer 5,,,,0.0,0.0,0.0,0,0,0,,,0,0
427,LJ-3416,Thin-Jam Lock Nut 16,,,,0.0,0.0,0.0,0,0,0,,,0,0
434,LJ-7161,Thin-Jam Lock Nut 7,,,,0.0,0.0,0.0,0,0,0,,,0,0
464,LW-1200,Lock Washer 5,,,,0.0,0.0,0.0,0,0,0,,,0,0
721,FR-R92R-56,"HL Road Frame - Red, 56",Components,Road Frames,Red,1431.5,0.0,11802593.286430119,0,2650,0,,,0,580
346,FW-5160,Flat Washer 3,,,,0.0,0.0,0.0,0,0,0,,,0,0
400,HU-6280,LL Hub,,,,0.0,0.0,0.0,0,0,0,,,0,0
417,LI-5160,Internal Lock Washer 6,,,,0.0,0.0,0.0,0,0,0,,,0,0
431,LJ-5162,Thin-Jam Lock Nut 4,,,,0.0,0.0,0.0,0,0,0,,,0,0
493,PA-361R,Paint - Red,,,,0.0,0.0,0.0,0,0,0,,,0,0
352,FL-2301,Front Derailleur Linkage,,,Silver,0.0,0.0,0.0,0,0,0,,,0,0
398,HT-2981,Handlebar Tube,,,,0.0,0.0,0.0,0,0,0,,,0,0
349,FW-9160,Flat Washer 7,,,,0.0,0.0,0.0,0,0,0,,,0,0
421,LI-8000,Internal Lock Washer 2,,,,0.0,0.0,0.0,0,0,0,,,0,0
524,SD-9872,HL Spindle/Axle,,,,0.0,0.0,0.0,0,0,0,,,0,0
821,FW-T905,Touring Front Wheel,Components,Wheels,Black,218.01,0.0,11802593.286430119,0,2650,0,,,0,580
737,FR-R38B-48,"LL Road Frame - Black, 48",Components,Road Frames,Black,337.22,0.0,11802593.286430119,0,2650,0,,,0,580
377,HN-1213,Hex Nut 16,,,,0.0,0.0,0.0,0,0,0,,,0,0
416,LI-3800,Internal Lock Washer 7,,,,0.0,0.0,0.0,0,0,0,,,0,0
433,LJ-5818,Thin-Jam Lock Nut 14,,,,0.0,0.0,0.0,0,0,0,,,0,0
724,FR-R38B-62,"LL Road Frame - Black, 62",Components,Road Frames,Black,337.22,0.0,11802593.286430119,0,2650,0,,,0,580
740,FR-M94S-44,"HL Mountain Frame - Silver, 44",Components,Mountain Frames,Silver,1364.5,0.0,11802593.286430119,0,2650,0,,,0,580
370,HJ-5818,Thin-Jam Hex Nut 14,,,,0.0,0.0,0.0,0,0,0,,,0,0
447,LN-3816,Lock Nut 12,,,,0.0,0.0,0.0,0,0,0,,,0,0
329,EC-R098,Road End Caps,,,,0.0,0.0,0.0,0,0,0,,,0,0
